ra_name,n
Abhyudaya Tyagi,8
Adriana Poppe,43
Anabella McElroy,8
Andres Lopez Schrader,2
Angad Johar,12
Anna Sophia Körner,23
Anoushka Thakre,7
Antonia Pérez,1
Arianna Schouten,28
Aysina Maria,21
Barbora Bromová,36
Beatrice Di Giulio,23
Brahim Ouerghi,2
Brian Chesney Quartey,20
Cara Kim,11
Caress Schenk,19
Carl Philip Dybwad,8
Charlotte Vorbauer,15
Cheng-Hao SHEN,49
Cornelia Marie Dybwad,3
Dan Downes,3
Dan Wu,2
DICK PAUL OUKO,9
Donia Kamel,22
Dorian Quelle,10
Emma Hutchinson,8
Eugene Kwizera,3
Fadhilah Fitri Primandari,2
Felix Willuweit,14
Frank Yuxuan Sun,6
Frederic Denker,11
Helene Paul,9
Helwan Felappi,2
Heman Asibuo,3
Henry Okwatch,1
Isabela Russo,1
Isabelle Smith,9
Jack Kubinec,6
Jakob Berg,2
Janice Klaiber,2
Janne Luise Piper,26
Jasmina Sowa,2
Joana Lencastre Morais,10
Jule Scholten,1
Julia Nassl,2
Julia Smakman,15
Karina Lisboa Båsund,1
Katharina Klaunig,8
Khoa Tran,10
Laura Mahrenbach,2
Lea Clara Frömchen-Zwick,21
Lena Kolb,6
Linlin Chen,1
Maheen Zahra,22
Maisa Nasirova,14
Malina Winking,2
Mamle Akosua Kwao,4
Mara Förster,15
Marius Deierl,25
Marlies Hofmann,9
Mascha Hotopp,32
Mats Jensen,3
Matthew Cottrell,55
Maximilian Dirks,12
Mehdi Bhouri,5
Milan Chen,16
Miranda Tessore Janowski,22
Miriam Witte,39
Mirjam Muller,12
Muhannad Alramlawi,9
Museera Moghis,10
Nicolas Göller,31
Niklas Illenseer,49
Nikolina Klatt,8
Noelle Kubinec,10
Oliver Weber,107
Ongun Durhan,1
Pablo Robles,9
Philipp Weber,10
Pia Bansagi,4
Raquel Karl,1
Rebecca Beigel,1
Richmond Silvanus Baye,1
Robin Fischer,5
Salma Soliman,18
Samantha Reinard,25
Sana Moghis,11
Sau Kan Chan,64
Sophia Tomany,21
Stella Dold,3
Su Ülkenli,9
Tess de Rooij,6
Tristan Brömsen,2
Ursela Barteczko,6
Vellah Kedogo Kigwiru,21
Victor Abuor,17
Vida Han,1
Winrose Njuguna,16
